日付,曜日,備考
2026/04/04,土,土曜日
2026/04/05,日,日曜日
2026/04/11,土,土曜日
2026/04/12,日,日曜日
2026/04/18,土,土曜日
2026/04/19,日,日曜日
2026/04/25,土,土曜日
2026/04/26,日,日曜日
2026/04/29,水,昭和の日
2026/05/02,土,土曜日
2026/05/03,日,憲法記念日
2026/05/04,月,みどりの日
2026/05/05,火,こどもの日
2026/05/06,水,振替休日
2026/05/09,土,土曜日
2026/05/10,日,日曜日
2026/05/16,土,土曜日
2026/05/17,日,日曜日
2026/05/23,土,土曜日
2026/05/24,日,日曜日
2026/05/30,土,土曜日
2026/05/31,日,日曜日
2026/07/20,月,海の日
2026/08/11,火,山の日
2026/08/13,木,夏季休暇
2026/08/14,金,夏季休暇
2026/08/15,土,夏季休暇
2026/09/21,月,敬老の日
2026/09/22,火,国民の休日
2026/09/23,水,秋分の日
2026/10/12,月,スポーツの日
2026/11/03,火,文化の日
2026/11/23,月,勤労感謝の日
2026/12/29,火,年末年始休暇
2026/12/30,水,年末年始休暇
2026/12/31,木,年末年始休暇
2027/01/01,金,元日
2027/01/02,土,年末年始休暇
2027/01/03,日,年末年始休暇
2027/01/11,月,成人の日
2027/02/11,木,建国記念の日
2027/02/23,火,天皇誕生日
2027/03/21,日,春分の日
2027/03/22,月,振替休日
